LADCD,LADNM,LAD20CD,LAD20NM,UTLACD,UTLANM,CAUTHCD,CAUTHNM,RGNCD,RGNNM,CTRYCD,CTRYNM,EWCD,EWNM,GBCD,GBNM,UKCD,UKNM,Current
E06000001,Hartlepool,E06000001,Hartlepool,E06000001,Hartlepool,E47000006,Tees Valley,E12000001,North East,E92000001,England,K04000001,England and Wales,K03000001,Great Britain,K02000001,United Kingdom,TRUE
E06000002,Middlesbrough,E06000002,Middlesbrough,E06000002,Middlesbrough,E47000006,Tees Valley,E12000001,North East,E92000001,England,K04000001,England and Wales,K03000001,Great Britain,K02000001,United Kingdom,TRUE
E06000003,Redcar and Cleveland,E06000003,Redcar and Cleveland,E06000003,Redcar and Cleveland,E47000006,Tees Valley,E12000001,North East,E92000001,England,K04000001,England and Wales,K03000001,Great Britain,K02000001,United Kingdom,TRUE
E06000004,Stockton-on-Tees,E06000004,Stockton-on-Tees,E06000004,Stockton-on-Tees,E47000006,Tees Valley,E12000001,North East,E92000001,England,K04000001,England and Wales,K03000001,Great Britain,K02000001,United Kingdom,TRUE
E06000005,Darlington,E06000005,Darlington,E06000005,Darlington,E47000006,Tees Valley,E12000001,North East,E92000001,England,K04000001,England and Wales,K03000001,Great Britain,K02000001,United Kingdom,TRUE
E06000006,Halton,E06000006,Halton,E06000006,Halton,E47000004,Liverpool City Region,E12000002,North West,E92000001,England,K04000001,England and Wales,K03000001,Great Britain,K02000001,United Kingdom,TRUE
E06000007,Warrington,E06000007,Warrington,E06000007,Warrington,,,E12000002,North West,E92000001,England,K04000001,England and Wales,K03000001,Great Britain,K02000001,United Kingdom,TRUE
E06000008,Blackburn with Darwen,E06000008,Blackburn with Darwen,E06000008,Blackburn with Darwen,,,E12000002,North West,E92000001,England,K04000001,England and Wales,K03000001,Great Britain,K02000001,United Kingdom,TRUE
E06000009,Blackpool,E06000009,Blackpool,E06000009,Blackpool,,,E12000002,North West,E92000001,England,K04000001,England and Wales,K03000001,Great Britain,K02000001,United Kingdom,TRUE
E06000010,"Kingston upon Hull, City of",E06000010,"Kingston upon Hull, City of",E06000010,"Kingston upon Hull, City of",,,E12000003,Yorkshire and The Humber,E92000001,England,K04000001,England and Wales,K03000001,Great Britain,K02000001,United Kingdom,TRUE
E06000011,East Riding of Yorkshire,E06000011,East Riding of Yorkshire,E06000011,East Riding of Yorkshire,,,E12000003,Yorkshire and The Humber,E92000001,England,K04000001,England and Wales,K03000001,Great Britain,K02000001,United Kingdom,TRUE
E06000012,North East Lincolnshire,E06000012,North East Lincolnshire,E06000012,North East Lincolnshire,,,E12000003,Yorkshire and The Humber,E92000001,England,K04000001,England and Wales,K03000001,Great Britain,K02000001,United Kingdom,TRUE
E06000013,North Lincolnshire,E06000013,North Lincolnshire,E06000013,North Lincolnshire,,,E12000003,Yorkshire and The Humber,E92000001,England,K04000001,England and Wales,K03000001,Great Britain,K02000001,United Kingdom,TRUE
E06000014,York,E06000014,York,E06000014,York,,,E12000003,Yorkshire and The Humber,E92000001,England,K04000001,England and Wales,K03000001,Great Britain,K02000001,United Kingdom,TRUE
E06000015,Derby,E06000015,Derby,E06000015,Derby,,,E12000004,East Midlands,E92000001,England,K04000001,England and Wales,K03000001,Great Britain,K02000001,United Kingdom,TRUE
E06000016,Leicester,E06000016,Leicester,E06000016,Leicester,,,E12000004,East Midlands,E92000001,England,K04000001,England and Wales,K03000001,Great Britain,K02000001,United Kingdom,TRUE
E06000017,Rutland,E06000017,Rutland,E06000017,Rutland,,,E12000004,East Midlands,E92000001,England,K04000001,England and Wales,K03000001,Great Britain,K02000001,United Kingdom,TRUE
E06000018,Nottingham,E06000018,Nottingham,E06000018,Nottingham,,,E12000004,East Midlands,E92000001,England,K04000001,England and Wales,K03000001,Great Britain,K02000001,United Kingdom,TRUE
E06000019,"Herefordshire, County of",E06000019,"Herefordshire, County of",E06000019,"Herefordshire, County of",,,E12000005,West Midlands,E92000001,England,K04000001,England and Wales,K03000001,Great Britain,K02000001,United Kingdom,TRUE
E06000020,Telford and Wrekin,E06000020,Telford and Wrekin,E06000020,Telford and Wrekin,,,E12000005,West Midlands,E92000001,England,K04000001,England and Wales,K03000001,Great Britain,K02000001,United Kingdom,TRUE
E06000021,Stoke-on-Trent,E06000021,Stoke-on-Trent,E06000021,Stoke-on-Trent,,,E12000005,West Midlands,E92000001,England,K04000001,England and Wales,K03000001,Great Britain,K02000001,United Kingdom,TRUE
E06000022,Bath and North East Somerset,E06000022,Bath and North East Somerset,E06000022,Bath and North East Somerset,E47000009,West of England,E12000009,South West,E92000001,England,K04000001,England and Wales,K03000001,Great Britain,K02000001,United Kingdom,TRUE
E06000023,"Bristol, City of",E06000023,"Bristol, City of",E06000023,"Bristol, City of",E47000009,West of England,E12000009,South West,E92000001,England,K04000001,England and Wales,K03000001,Great Britain,K02000001,United Kingdom,TRUE
E06000024,North Somerset,E06000024,North Somerset,E06000024,North Somerset,,,E12000009,South West,E92000001,England,K04000001,England and Wales,K03000001,Great Britain,K02000001,United Kingdom,TRUE
E06000025,South Gloucestershire,E06000025,South Gloucestershire,E06000025,South Gloucestershire,E47000009,West of England,E12000009,South West,E92000001,England,K04000001,England and Wales,K03000001,Great Britain,K02000001,United Kingdom,TRUE
E06000026,Plymouth,E06000026,Plymouth,E06000026,Plymouth,,,E12000009,South West,E92000001,England,K04000001,England and Wales,K03000001,Great Britain,K02000001,United Kingdom,TRUE
E06000027,Torbay,E06000027,Torbay,E06000027,Torbay,,,E12000009,South West,E92000001,England,K04000001,England and Wales,K03000001,Great Britain,K02000001,United Kingdom,TRUE
E06000028,Bournemouth,E06000058,"Bournemouth, Christchurch and Poole",E06000058,"Bournemouth, Christchurch and Poole",,,E12000009,South West,E92000001,England,K04000001,England and Wales,K03000001,Great Britain,K02000001,United Kingdom,FALSE
E06000029,Poole,E06000058,"Bournemouth, Christchurch and Poole",E06000058,"Bournemouth, Christchurch and Poole",,,E12000009,South West,E92000001,England,K04000001,England and Wales,K03000001,Great Britain,K02000001,United Kingdom,FALSE
E06000030,Swindon,E06000030,Swindon,E06000030,Swindon,,,E12000009,South West,E92000001,England,K04000001,England and Wales,K03000001,Great Britain,K02000001,United Kingdom,TRUE
E06000031,Peterborough,E06000031,Peterborough,E06000031,Peterborough,E47000008,Cambridgeshire and Peterborough,E12000006,East of England,E92000001,England,K04000001,England and Wales,K03000001,Great Britain,K02000001,United Kingdom,TRUE
E06000032,Luton,E06000032,Luton,E06000032,Luton,,,E12000006,East of England,E92000001,England,K04000001,England and Wales,K03000001,Great Britain,K02000001,United Kingdom,TRUE
E06000033,Southend-on-Sea,E06000033,Southend-on-Sea,E06000033,Southend-on-Sea,,,E12000006,East of England,E92000001,England,K04000001,England and Wales,K03000001,Great Britain,K02000001,United Kingdom,TRUE
E06000034,Thurrock,E06000034,Thurrock,E06000034,Thurrock,,,E12000006,East of England,E92000001,England,K04000001,England and Wales,K03000001,Great Britain,K02000001,United Kingdom,TRUE
E06000035,Medway,E06000035,Medway,E06000035,Medway,,,E12000008,South East,E92000001,England,K04000001,England and Wales,K03000001,Great Britain,K02000001,United Kingdom,TRUE
E06000036,Bracknell Forest,E06000036,Bracknell Forest,E06000036,Bracknell Forest,,,E12000008,South East,E92000001,England,K04000001,England and Wales,K03000001,Great Britain,K02000001,United Kingdom,TRUE
E06000037,West Berkshire,E06000037,West Berkshire,E06000037,West Berkshire,,,E12000008,South East,E92000001,England,K04000001,England and Wales,K03000001,Great Britain,K02000001,United Kingdom,TRUE
E06000038,Reading,E06000038,Reading,E06000038,Reading,,,E12000008,South East,E92000001,England,K04000001,England and Wales,K03000001,Great Britain,K02000001,United Kingdom,TRUE
E06000039,Slough,E06000039,Slough,E06000039,Slough,,,E12000008,South East,E92000001,England,K04000001,England and Wales,K03000001,Great Britain,K02000001,United Kingdom,TRUE
E06000040,Windsor and Maidenhead,E06000040,Windsor and Maidenhead,E06000040,Windsor and Maidenhead,,,E12000008,South East,E92000001,England,K04000001,England and Wales,K03000001,Great Britain,K02000001,United Kingdom,TRUE
E06000041,Wokingham,E06000041,Wokingham,E06000041,Wokingham,,,E12000008,South East,E92000001,England,K04000001,England and Wales,K03000001,Great Britain,K02000001,United Kingdom,TRUE
E06000042,Milton Keynes,E06000042,Milton Keynes,E06000042,Milton Keynes,,,E12000008,South East,E92000001,England,K04000001,England and Wales,K03000001,Great Britain,K02000001,United Kingdom,TRUE
E06000043,Brighton and Hove,E06000043,Brighton and Hove,E06000043,Brighton and Hove,,,E12000008,South East,E92000001,England,K04000001,England and Wales,K03000001,Great Britain,K02000001,United Kingdom,TRUE
E06000044,Portsmouth,E06000044,Portsmouth,E06000044,Portsmouth,,,E12000008,South East,E92000001,England,K04000001,England and Wales,K03000001,Great Britain,K02000001,United Kingdom,TRUE
E06000045,Southampton,E06000045,Southampton,E06000045,Southampton,,,E12000008,South East,E92000001,England,K04000001,England and Wales,K03000001,Great Britain,K02000001,United Kingdom,TRUE
E06000046,Isle of Wight,E06000046,Isle of Wight,E06000046,Isle of Wight,,,E12000008,South East,E92000001,England,K04000001,England and Wales,K03000001,Great Britain,K02000001,United Kingdom,TRUE
E06000047,County Durham,E06000047,County Durham,E06000047,County Durham,E47000010,North East,E12000001,North East,E92000001,England,K04000001,England and Wales,K03000001,Great Britain,K02000001,United Kingdom,TRUE
E06000048,Northumberland,E06000057,Northumberland,E06000057,Northumberland,E47000011,North of Tyne,E12000001,North East,E92000001,England,K04000001,England and Wales,K03000001,Great Britain,K02000001,United Kingdom,FALSE
E06000049,Cheshire East,E06000049,Cheshire East,E06000049,Cheshire East,,,E12000002,North West,E92000001,England,K04000001,England and Wales,K03000001,Great Britain,K02000001,United Kingdom,TRUE
E06000050,Cheshire West and Chester,E06000050,Cheshire West and Chester,E06000050,Cheshire West and Chester,,,E12000002,North West,E92000001,England,K04000001,England and Wales,K03000001,Great Britain,K02000001,United Kingdom,TRUE
E06000051,Shropshire,E06000051,Shropshire,E06000051,Shropshire,,,E12000005,West Midlands,E92000001,England,K04000001,England and Wales,K03000001,Great Britain,K02000001,United Kingdom,TRUE
E06000052,Cornwall,E06000052,Cornwall,E06000052,Cornwall,,,E12000009,South West,E92000001,England,K04000001,England and Wales,K03000001,Great Britain,K02000001,United Kingdom,TRUE
E06000053,Isles of Scilly,E06000053,Isles of Scilly,E06000053,Isles of Scilly,,,E12000009,South West,E92000001,England,K04000001,England and Wales,K03000001,Great Britain,K02000001,United Kingdom,TRUE
E06000054,Wiltshire,E06000054,Wiltshire,E06000054,Wiltshire,,,E12000009,South West,E92000001,England,K04000001,England and Wales,K03000001,Great Britain,K02000001,United Kingdom,TRUE
E06000055,Bedford,E06000055,Bedford,E06000055,Bedford,,,E12000006,East of England,E92000001,England,K04000001,England and Wales,K03000001,Great Britain,K02000001,United Kingdom,TRUE
E06000056,Central Bedfordshire,E06000056,Central Bedfordshire,E06000056,Central Bedfordshire,,,E12000006,East of England,E92000001,England,K04000001,England and Wales,K03000001,Great Britain,K02000001,United Kingdom,TRUE
E06000057,Northumberland,E06000057,Northumberland,E06000057,Northumberland,E47000011,North of Tyne,E12000001,North East,E92000001,England,K04000001,England and Wales,K03000001,Great Britain,K02000001,United Kingdom,TRUE
E06000058,"Bournemouth, Christchurch and Poole",E06000058,"Bournemouth, Christchurch and Poole",E06000058,"Bournemouth, Christchurch and Poole",,,E12000009,South West,E92000001,England,K04000001,England and Wales,K03000001,Great Britain,K02000001,United Kingdom,TRUE
E06000059,Dorset,E06000059,Dorset,E06000059,Dorset,,,E12000009,South West,E92000001,England,K04000001,England and Wales,K03000001,Great Britain,K02000001,United Kingdom,TRUE
E06000060,Buckinghamshire,E06000060,Buckinghamshire,E06000060,Buckinghamshire,,,E12000008,South East,E92000001,England,K04000001,England and Wales,K03000001,Great Britain,K02000001,United Kingdom,TRUE
E07000004,Aylesbury Vale,E06000060,Buckinghamshire,E06000060,Buckinghamshire,,,E12000008,South East,E92000001,England,K04000001,England and Wales,K03000001,Great Britain,K02000001,United Kingdom,FALSE
E07000005,Chiltern,E06000060,Buckinghamshire,E06000060,Buckinghamshire,,,E12000008,South East,E92000001,England,K04000001,England and Wales,K03000001,Great Britain,K02000001,United Kingdom,FALSE
E07000006,South Bucks,E06000060,Buckinghamshire,E06000060,Buckinghamshire,,,E12000008,South East,E92000001,England,K04000001,England and Wales,K03000001,Great Britain,K02000001,United Kingdom,FALSE
E07000007,Wycombe,E06000060,Buckinghamshire,E06000060,Buckinghamshire,,,E12000008,South East,E92000001,England,K04000001,England and Wales,K03000001,Great Britain,K02000001,United Kingdom,FALSE
E07000008,Cambridge,E07000008,Cambridge,E10000003,Cambridgeshire,E47000008,Cambridgeshire and Peterborough,E12000006,East of England,E92000001,England,K04000001,England and Wales,K03000001,Great Britain,K02000001,United Kingdom,TRUE
E07000009,East Cambridgeshire,E07000009,East Cambridgeshire,E10000003,Cambridgeshire,E47000008,Cambridgeshire and Peterborough,E12000006,East of England,E92000001,England,K04000001,England and Wales,K03000001,Great Britain,K02000001,United Kingdom,TRUE
E07000010,Fenland,E07000010,Fenland,E10000003,Cambridgeshire,E47000008,Cambridgeshire and Peterborough,E12000006,East of England,E92000001,England,K04000001,England and Wales,K03000001,Great Britain,K02000001,United Kingdom,TRUE
E07000011,Huntingdonshire,E07000011,Huntingdonshire,E10000003,Cambridgeshire,E47000008,Cambridgeshire and Peterborough,E12000006,East of England,E92000001,England,K04000001,England and Wales,K03000001,Great Britain,K02000001,United Kingdom,TRUE
E07000012,South Cambridgeshire,E07000012,South Cambridgeshire,E10000003,Cambridgeshire,E47000008,Cambridgeshire and Peterborough,E12000006,East of England,E92000001,England,K04000001,England and Wales,K03000001,Great Britain,K02000001,United Kingdom,TRUE
E07000026,Allerdale,E07000026,Allerdale,E10000006,Cumbria,,,E12000002,North West,E92000001,England,K04000001,England and Wales,K03000001,Great Britain,K02000001,United Kingdom,TRUE
E07000027,Barrow-in-Furness,E07000027,Barrow-in-Furness,E10000006,Cumbria,,,E12000002,North West,E92000001,England,K04000001,England and Wales,K03000001,Great Britain,K02000001,United Kingdom,TRUE
E07000028,Carlisle,E07000028,Carlisle,E10000006,Cumbria,,,E12000002,North West,E92000001,England,K04000001,England and Wales,K03000001,Great Britain,K02000001,United Kingdom,TRUE
E07000029,Copeland,E07000029,Copeland,E10000006,Cumbria,,,E12000002,North West,E92000001,England,K04000001,England and Wales,K03000001,Great Britain,K02000001,United Kingdom,TRUE
E07000030,Eden,E07000030,Eden,E10000006,Cumbria,,,E12000002,North West,E92000001,England,K04000001,England and Wales,K03000001,Great Britain,K02000001,United Kingdom,TRUE
E07000031,South Lakeland,E07000031,South Lakeland,E10000006,Cumbria,,,E12000002,North West,E92000001,England,K04000001,England and Wales,K03000001,Great Britain,K02000001,United Kingdom,TRUE
E07000032,Amber Valley,E07000032,Amber Valley,E10000007,Derbyshire,,,E12000004,East Midlands,E92000001,England,K04000001,England and Wales,K03000001,Great Britain,K02000001,United Kingdom,TRUE
E07000033,Bolsover,E07000033,Bolsover,E10000007,Derbyshire,,,E12000004,East Midlands,E92000001,England,K04000001,England and Wales,K03000001,Great Britain,K02000001,United Kingdom,TRUE
E07000034,Chesterfield,E07000034,Chesterfield,E10000007,Derbyshire,,,E12000004,East Midlands,E92000001,England,K04000001,England and Wales,K03000001,Great Britain,K02000001,United Kingdom,TRUE
E07000035,Derbyshire Dales,E07000035,Derbyshire Dales,E10000007,Derbyshire,,,E12000004,East Midlands,E92000001,England,K04000001,England and Wales,K03000001,Great Britain,K02000001,United Kingdom,TRUE
E07000036,Erewash,E07000036,Erewash,E10000007,Derbyshire,,,E12000004,East Midlands,E92000001,England,K04000001,England and Wales,K03000001,Great Britain,K02000001,United Kingdom,TRUE
E07000037,High Peak,E07000037,High Peak,E10000007,Derbyshire,,,E12000004,East Midlands,E92000001,England,K04000001,England and Wales,K03000001,Great Britain,K02000001,United Kingdom,TRUE
E07000038,North East Derbyshire,E07000038,North East Derbyshire,E10000007,Derbyshire,,,E12000004,East Midlands,E92000001,England,K04000001,England and Wales,K03000001,Great Britain,K02000001,United Kingdom,TRUE
E07000039,South Derbyshire,E07000039,South Derbyshire,E10000007,Derbyshire,,,E12000004,East Midlands,E92000001,England,K04000001,England and Wales,K03000001,Great Britain,K02000001,United Kingdom,TRUE
E07000040,East Devon,E07000040,East Devon,E10000008,Devon,,,E12000009,South West,E92000001,England,K04000001,England and Wales,K03000001,Great Britain,K02000001,United Kingdom,TRUE
E07000041,Exeter,E07000041,Exeter,E10000008,Devon,,,E12000009,South West,E92000001,England,K04000001,England and Wales,K03000001,Great Britain,K02000001,United Kingdom,TRUE
E07000042,Mid Devon,E07000042,Mid Devon,E10000008,Devon,,,E12000009,South West,E92000001,England,K04000001,England and Wales,K03000001,Great Britain,K02000001,United Kingdom,TRUE
E07000043,North Devon,E07000043,North Devon,E10000008,Devon,,,E12000009,South West,E92000001,England,K04000001,England and Wales,K03000001,Great Britain,K02000001,United Kingdom,TRUE
E07000044,South Hams,E07000044,South Hams,E10000008,Devon,,,E12000009,South West,E92000001,England,K04000001,England and Wales,K03000001,Great Britain,K02000001,United Kingdom,TRUE
E07000045,Teignbridge,E07000045,Teignbridge,E10000008,Devon,,,E12000009,South West,E92000001,England,K04000001,England and Wales,K03000001,Great Britain,K02000001,United Kingdom,TRUE
E07000046,Torridge,E07000046,Torridge,E10000008,Devon,,,E12000009,South West,E92000001,England,K04000001,England and Wales,K03000001,Great Britain,K02000001,United Kingdom,TRUE
E07000047,West Devon,E07000047,West Devon,E10000008,Devon,,,E12000009,South West,E92000001,England,K04000001,England and Wales,K03000001,Great Britain,K02000001,United Kingdom,TRUE
E07000048,Christchurch,E06000058,"Bournemouth, Christchurch and Poole",E06000058,"Bournemouth, Christchurch and Poole",,,E12000009,South West,E92000001,England,K04000001,England and Wales,K03000001,Great Britain,K02000001,United Kingdom,FALSE
E07000049,East Dorset,E06000059,Dorset,E06000059,Dorset,,,E12000009,South West,E92000001,England,K04000001,England and Wales,K03000001,Great Britain,K02000001,United Kingdom,FALSE
E07000050,North Dorset,E06000059,Dorset,E06000059,Dorset,,,E12000009,South West,E92000001,England,K04000001,England and Wales,K03000001,Great Britain,K02000001,United Kingdom,FALSE
E07000051,Purbeck,E06000059,Dorset,E06000059,Dorset,,,E12000009,South West,E92000001,England,K04000001,England and Wales,K03000001,Great Britain,K02000001,United Kingdom,FALSE
E07000052,West Dorset,E06000059,Dorset,E06000059,Dorset,,,E12000009,South West,E92000001,England,K04000001,England and Wales,K03000001,Great Britain,K02000001,United Kingdom,FALSE
E07000053,Weymouth and Portland,E06000059,Dorset,E06000059,Dorset,,,E12000009,South West,E92000001,England,K04000001,England and Wales,K03000001,Great Britain,K02000001,United Kingdom,FALSE
E07000061,Eastbourne,E07000061,Eastbourne,E10000011,East Sussex,,,E12000008,South East,E92000001,England,K04000001,England and Wales,K03000001,Great Britain,K02000001,United Kingdom,TRUE
E07000062,Hastings,E07000062,Hastings,E10000011,East Sussex,,,E12000008,South East,E92000001,England,K04000001,England and Wales,K03000001,Great Britain,K02000001,United Kingdom,TRUE
E07000063,Lewes,E07000063,Lewes,E10000011,East Sussex,,,E12000008,South East,E92000001,England,K04000001,England and Wales,K03000001,Great Britain,K02000001,United Kingdom,TRUE
E07000064,Rother,E07000064,Rother,E10000011,East Sussex,,,E12000008,South East,E92000001,England,K04000001,England and Wales,K03000001,Great Britain,K02000001,United Kingdom,TRUE
E07000065,Wealden,E07000065,Wealden,E10000011,East Sussex,,,E12000008,South East,E92000001,England,K04000001,England and Wales,K03000001,Great Britain,K02000001,United Kingdom,TRUE
E07000066,Basildon,E07000066,Basildon,E10000012,Essex,,,E12000006,East of England,E92000001,England,K04000001,England and Wales,K03000001,Great Britain,K02000001,United Kingdom,TRUE
E07000067,Braintree,E07000067,Braintree,E10000012,Essex,,,E12000006,East of England,E92000001,England,K04000001,England and Wales,K03000001,Great Britain,K02000001,United Kingdom,TRUE
E07000068,Brentwood,E07000068,Brentwood,E10000012,Essex,,,E12000006,East of England,E92000001,England,K04000001,England and Wales,K03000001,Great Britain,K02000001,United Kingdom,TRUE
E07000069,Castle Point,E07000069,Castle Point,E10000012,Essex,,,E12000006,East of England,E92000001,England,K04000001,England and Wales,K03000001,Great Britain,K02000001,United Kingdom,TRUE
E07000070,Chelmsford,E07000070,Chelmsford,E10000012,Essex,,,E12000006,East of England,E92000001,England,K04000001,England and Wales,K03000001,Great Britain,K02000001,United Kingdom,TRUE
E07000071,Colchester,E07000071,Colchester,E10000012,Essex,,,E12000006,East of England,E92000001,England,K04000001,England and Wales,K03000001,Great Britain,K02000001,United Kingdom,TRUE
E07000072,Epping Forest,E07000072,Epping Forest,E10000012,Essex,,,E12000006,East of England,E92000001,England,K04000001,England and Wales,K03000001,Great Britain,K02000001,United Kingdom,TRUE
E07000073,Harlow,E07000073,Harlow,E10000012,Essex,,,E12000006,East of England,E92000001,England,K04000001,England and Wales,K03000001,Great Britain,K02000001,United Kingdom,TRUE
E07000074,Maldon,E07000074,Maldon,E10000012,Essex,,,E12000006,East of England,E92000001,England,K04000001,England and Wales,K03000001,Great Britain,K02000001,United Kingdom,TRUE
E07000075,Rochford,E07000075,Rochford,E10000012,Essex,,,E12000006,East of England,E92000001,England,K04000001,England and Wales,K03000001,Great Britain,K02000001,United Kingdom,TRUE
E07000076,Tendring,E07000076,Tendring,E10000012,Essex,,,E12000006,East of England,E92000001,England,K04000001,England and Wales,K03000001,Great Britain,K02000001,United Kingdom,TRUE
E07000077,Uttlesford,E07000077,Uttlesford,E10000012,Essex,,,E12000006,East of England,E92000001,England,K04000001,England and Wales,K03000001,Great Britain,K02000001,United Kingdom,TRUE
E07000078,Cheltenham,E07000078,Cheltenham,E10000013,Gloucestershire,,,E12000009,South West,E92000001,England,K04000001,England and Wales,K03000001,Great Britain,K02000001,United Kingdom,TRUE
E07000079,Cotswold,E07000079,Cotswold,E10000013,Gloucestershire,,,E12000009,South West,E92000001,England,K04000001,England and Wales,K03000001,Great Britain,K02000001,United Kingdom,TRUE
E07000080,Forest of Dean,E07000080,Forest of Dean,E10000013,Gloucestershire,,,E12000009,South West,E92000001,England,K04000001,England and Wales,K03000001,Great Britain,K02000001,United Kingdom,TRUE
E07000081,Gloucester,E07000081,Gloucester,E10000013,Gloucestershire,,,E12000009,South West,E92000001,England,K04000001,England and Wales,K03000001,Great Britain,K02000001,United Kingdom,TRUE
E07000082,Stroud,E07000082,Stroud,E10000013,Gloucestershire,,,E12000009,South West,E92000001,England,K04000001,England and Wales,K03000001,Great Britain,K02000001,United Kingdom,TRUE
E07000083,Tewkesbury,E07000083,Tewkesbury,E10000013,Gloucestershire,,,E12000009,South West,E92000001,England,K04000001,England and Wales,K03000001,Great Britain,K02000001,United Kingdom,TRUE
E07000084,Basingstoke and Deane,E07000084,Basingstoke and Deane,E10000014,Hampshire,,,E12000008,South East,E92000001,England,K04000001,England and Wales,K03000001,Great Britain,K02000001,United Kingdom,TRUE
E07000085,East Hampshire,E07000085,East Hampshire,E10000014,Hampshire,,,E12000008,South East,E92000001,England,K04000001,England and Wales,K03000001,Great Britain,K02000001,United Kingdom,TRUE
E07000086,Eastleigh,E07000086,Eastleigh,E10000014,Hampshire,,,E12000008,South East,E92000001,England,K04000001,England and Wales,K03000001,Great Britain,K02000001,United Kingdom,TRUE
E07000087,Fareham,E07000087,Fareham,E10000014,Hampshire,,,E12000008,South East,E92000001,England,K04000001,England and Wales,K03000001,Great Britain,K02000001,United Kingdom,TRUE
E07000088,Gosport,E07000088,Gosport,E10000014,Hampshire,,,E12000008,South East,E92000001,England,K04000001,England and Wales,K03000001,Great Britain,K02000001,United Kingdom,TRUE
E07000089,Hart,E07000089,Hart,E10000014,Hampshire,,,E12000008,South East,E92000001,England,K04000001,England and Wales,K03000001,Great Britain,K02000001,United Kingdom,TRUE
E07000090,Havant,E07000090,Havant,E10000014,Hampshire,,,E12000008,South East,E92000001,England,K04000001,England and Wales,K03000001,Great Britain,K02000001,United Kingdom,TRUE
E07000091,New Forest,E07000091,New Forest,E10000014,Hampshire,,,E12000008,South East,E92000001,England,K04000001,England and Wales,K03000001,Great Britain,K02000001,United Kingdom,TRUE
E07000092,Rushmoor,E07000092,Rushmoor,E10000014,Hampshire,,,E12000008,South East,E92000001,England,K04000001,England and Wales,K03000001,Great Britain,K02000001,United Kingdom,TRUE
E07000093,Test Valley,E07000093,Test Valley,E10000014,Hampshire,,,E12000008,South East,E92000001,England,K04000001,England and Wales,K03000001,Great Britain,K02000001,United Kingdom,TRUE
E07000094,Winchester,E07000094,Winchester,E10000014,Hampshire,,,E12000008,South East,E92000001,England,K04000001,England and Wales,K03000001,Great Britain,K02000001,United Kingdom,TRUE
E07000095,Broxbourne,E07000095,Broxbourne,E10000015,Hertfordshire,,,E12000006,East of England,E92000001,England,K04000001,England and Wales,K03000001,Great Britain,K02000001,United Kingdom,TRUE
E07000096,Dacorum,E07000096,Dacorum,E10000015,Hertfordshire,,,E12000006,East of England,E92000001,England,K04000001,England and Wales,K03000001,Great Britain,K02000001,United Kingdom,TRUE
E07000097,East Hertfordshire,E07000242,East Hertfordshire,E10000015,Hertfordshire,,,E12000006,East of England,E92000001,England,K04000001,England and Wales,K03000001,Great Britain,K02000001,United Kingdom,FALSE
E07000098,Hertsmere,E07000098,Hertsmere,E10000015,Hertfordshire,,,E12000006,East of England,E92000001,England,K04000001,England and Wales,K03000001,Great Britain,K02000001,United Kingdom,TRUE
E07000099,North Hertfordshire,E07000099,North Hertfordshire,E10000015,Hertfordshire,,,E12000006,East of England,E92000001,England,K04000001,England and Wales,K03000001,Great Britain,K02000001,United Kingdom,TRUE
E07000100,St Albans,E07000240,St Albans,E10000015,Hertfordshire,,,E12000006,East of England,E92000001,England,K04000001,England and Wales,K03000001,Great Britain,K02000001,United Kingdom,FALSE
E07000101,Stevenage,E07000243,Stevenage,E10000015,Hertfordshire,,,E12000006,East of England,E92000001,England,K04000001,England and Wales,K03000001,Great Britain,K02000001,United Kingdom,FALSE
E07000102,Three Rivers,E07000102,Three Rivers,E10000015,Hertfordshire,,,E12000006,East of England,E92000001,England,K04000001,England and Wales,K03000001,Great Britain,K02000001,United Kingdom,TRUE
E07000103,Watford,E07000103,Watford,E10000015,Hertfordshire,,,E12000006,East of England,E92000001,England,K04000001,England and Wales,K03000001,Great Britain,K02000001,United Kingdom,TRUE
E07000104,Welwyn Hatfield,E07000241,Welwyn Hatfield,E10000015,Hertfordshire,,,E12000006,East of England,E92000001,England,K04000001,England and Wales,K03000001,Great Britain,K02000001,United Kingdom,FALSE
E07000105,Ashford,E07000105,Ashford,E10000016,Kent,,,E12000008,South East,E92000001,England,K04000001,England and Wales,K03000001,Great Britain,K02000001,United Kingdom,TRUE
E07000106,Canterbury,E07000106,Canterbury,E10000016,Kent,,,E12000008,South East,E92000001,England,K04000001,England and Wales,K03000001,Great Britain,K02000001,United Kingdom,TRUE
E07000107,Dartford,E07000107,Dartford,E10000016,Kent,,,E12000008,South East,E92000001,England,K04000001,England and Wales,K03000001,Great Britain,K02000001,United Kingdom,TRUE
E07000108,Dover,E07000108,Dover,E10000016,Kent,,,E12000008,South East,E92000001,England,K04000001,England and Wales,K03000001,Great Britain,K02000001,United Kingdom,TRUE
E07000109,Gravesham,E07000109,Gravesham,E10000016,Kent,,,E12000008,South East,E92000001,England,K04000001,England and Wales,K03000001,Great Britain,K02000001,United Kingdom,TRUE
E07000110,Maidstone,E07000110,Maidstone,E10000016,Kent,,,E12000008,South East,E92000001,England,K04000001,England and Wales,K03000001,Great Britain,K02000001,United Kingdom,TRUE
E07000111,Sevenoaks,E07000111,Sevenoaks,E10000016,Kent,,,E12000008,South East,E92000001,England,K04000001,England and Wales,K03000001,Great Britain,K02000001,United Kingdom,TRUE
E07000112,Folkestone and Hythe,E07000112,Folkestone and Hythe,E10000016,Kent,,,E12000008,South East,E92000001,England,K04000001,England and Wales,K03000001,Great Britain,K02000001,United Kingdom,TRUE
E07000113,Swale,E07000113,Swale,E10000016,Kent,,,E12000008,South East,E92000001,England,K04000001,England and Wales,K03000001,Great Britain,K02000001,United Kingdom,TRUE
E07000114,Thanet,E07000114,Thanet,E10000016,Kent,,,E12000008,South East,E92000001,England,K04000001,England and Wales,K03000001,Great Britain,K02000001,United Kingdom,TRUE
E07000115,Tonbridge and Malling,E07000115,Tonbridge and Malling,E10000016,Kent,,,E12000008,South East,E92000001,England,K04000001,England and Wales,K03000001,Great Britain,K02000001,United Kingdom,TRUE
E07000116,Tunbridge Wells,E07000116,Tunbridge Wells,E10000016,Kent,,,E12000008,South East,E92000001,England,K04000001,England and Wales,K03000001,Great Britain,K02000001,United Kingdom,TRUE
E07000117,Burnley,E07000117,Burnley,E10000017,Lancashire,,,E12000002,North West,E92000001,England,K04000001,England and Wales,K03000001,Great Britain,K02000001,United Kingdom,TRUE
E07000118,Chorley,E07000118,Chorley,E10000017,Lancashire,,,E12000002,North West,E92000001,England,K04000001,England and Wales,K03000001,Great Britain,K02000001,United Kingdom,TRUE
E07000119,Fylde,E07000119,Fylde,E10000017,Lancashire,,,E12000002,North West,E92000001,England,K04000001,England and Wales,K03000001,Great Britain,K02000001,United Kingdom,TRUE
E07000120,Hyndburn,E07000120,Hyndburn,E10000017,Lancashire,,,E12000002,North West,E92000001,England,K04000001,England and Wales,K03000001,Great Britain,K02000001,United Kingdom,TRUE
E07000121,Lancaster,E07000121,Lancaster,E10000017,Lancashire,,,E12000002,North West,E92000001,England,K04000001,England and Wales,K03000001,Great Britain,K02000001,United Kingdom,TRUE
E07000122,Pendle,E07000122,Pendle,E10000017,Lancashire,,,E12000002,North West,E92000001,England,K04000001,England and Wales,K03000001,Great Britain,K02000001,United Kingdom,TRUE
E07000123,Preston,E07000123,Preston,E10000017,Lancashire,,,E12000002,North West,E92000001,England,K04000001,England and Wales,K03000001,Great Britain,K02000001,United Kingdom,TRUE
E07000124,Ribble Valley,E07000124,Ribble Valley,E10000017,Lancashire,,,E12000002,North West,E92000001,England,K04000001,England and Wales,K03000001,Great Britain,K02000001,United Kingdom,TRUE
E07000125,Rossendale,E07000125,Rossendale,E10000017,Lancashire,,,E12000002,North West,E92000001,England,K04000001,England and Wales,K03000001,Great Britain,K02000001,United Kingdom,TRUE
E07000126,South Ribble,E07000126,South Ribble,E10000017,Lancashire,,,E12000002,North West,E92000001,England,K04000001,England and Wales,K03000001,Great Britain,K02000001,United Kingdom,TRUE
E07000127,West Lancashire,E07000127,West Lancashire,E10000017,Lancashire,,,E12000002,North West,E92000001,England,K04000001,England and Wales,K03000001,Great Britain,K02000001,United Kingdom,TRUE
E07000128,Wyre,E07000128,Wyre,E10000017,Lancashire,,,E12000002,North West,E92000001,England,K04000001,England and Wales,K03000001,Great Britain,K02000001,United Kingdom,TRUE
E07000129,Blaby,E07000129,Blaby,E10000018,Leicestershire,,,E12000004,East Midlands,E92000001,England,K04000001,England and Wales,K03000001,Great Britain,K02000001,United Kingdom,TRUE
E07000130,Charnwood,E07000130,Charnwood,E10000018,Leicestershire,,,E12000004,East Midlands,E92000001,England,K04000001,England and Wales,K03000001,Great Britain,K02000001,United Kingdom,TRUE
E07000131,Harborough,E07000131,Harborough,E10000018,Leicestershire,,,E12000004,East Midlands,E92000001,England,K04000001,England and Wales,K03000001,Great Britain,K02000001,United Kingdom,TRUE
E07000132,Hinckley and Bosworth,E07000132,Hinckley and Bosworth,E10000018,Leicestershire,,,E12000004,East Midlands,E92000001,England,K04000001,England and Wales,K03000001,Great Britain,K02000001,United Kingdom,TRUE
E07000133,Melton,E07000133,Melton,E10000018,Leicestershire,,,E12000004,East Midlands,E92000001,England,K04000001,England and Wales,K03000001,Great Britain,K02000001,United Kingdom,TRUE
E07000134,North West Leicestershire,E07000134,North West Leicestershire,E10000018,Leicestershire,,,E12000004,East Midlands,E92000001,England,K04000001,England and Wales,K03000001,Great Britain,K02000001,United Kingdom,TRUE
E07000135,Oadby and Wigston,E07000135,Oadby and Wigston,E10000018,Leicestershire,,,E12000004,East Midlands,E92000001,England,K04000001,England and Wales,K03000001,Great Britain,K02000001,United Kingdom,TRUE
E07000136,Boston,E07000136,Boston,E10000019,Lincolnshire,,,E12000004,East Midlands,E92000001,England,K04000001,England and Wales,K03000001,Great Britain,K02000001,United Kingdom,TRUE
E07000137,East Lindsey,E07000137,East Lindsey,E10000019,Lincolnshire,,,E12000004,East Midlands,E92000001,England,K04000001,England and Wales,K03000001,Great Britain,K02000001,United Kingdom,TRUE
E07000138,Lincoln,E07000138,Lincoln,E10000019,Lincolnshire,,,E12000004,East Midlands,E92000001,England,K04000001,England and Wales,K03000001,Great Britain,K02000001,United Kingdom,TRUE
E07000139,North Kesteven,E07000139,North Kesteven,E10000019,Lincolnshire,,,E12000004,East Midlands,E92000001,England,K04000001,England and Wales,K03000001,Great Britain,K02000001,United Kingdom,TRUE
E07000140,South Holland,E07000140,South Holland,E10000019,Lincolnshire,,,E12000004,East Midlands,E92000001,England,K04000001,England and Wales,K03000001,Great Britain,K02000001,United Kingdom,TRUE
E07000141,South Kesteven,E07000141,South Kesteven,E10000019,Lincolnshire,,,E12000004,East Midlands,E92000001,England,K04000001,England and Wales,K03000001,Great Britain,K02000001,United Kingdom,TRUE
E07000142,West Lindsey,E07000142,West Lindsey,E10000019,Lincolnshire,,,E12000004,East Midlands,E92000001,England,K04000001,England and Wales,K03000001,Great Britain,K02000001,United Kingdom,TRUE
E07000143,Breckland,E07000143,Breckland,E10000020,Norfolk,,,E12000006,East of England,E92000001,England,K04000001,England and Wales,K03000001,Great Britain,K02000001,United Kingdom,TRUE
E07000144,Broadland,E07000144,Broadland,E10000020,Norfolk,,,E12000006,East of England,E92000001,England,K04000001,England and Wales,K03000001,Great Britain,K02000001,United Kingdom,TRUE
E07000145,Great Yarmouth,E07000145,Great Yarmouth,E10000020,Norfolk,,,E12000006,East of England,E92000001,England,K04000001,England and Wales,K03000001,Great Britain,K02000001,United Kingdom,TRUE
E07000146,King's Lynn and West Norfolk,E07000146,King's Lynn and West Norfolk,E10000020,Norfolk,,,E12000006,East of England,E92000001,England,K04000001,England and Wales,K03000001,Great Britain,K02000001,United Kingdom,TRUE
E07000147,North Norfolk,E07000147,North Norfolk,E10000020,Norfolk,,,E12000006,East of England,E92000001,England,K04000001,England and Wales,K03000001,Great Britain,K02000001,United Kingdom,TRUE
E07000148,Norwich,E07000148,Norwich,E10000020,Norfolk,,,E12000006,East of England,E92000001,England,K04000001,England and Wales,K03000001,Great Britain,K02000001,United Kingdom,TRUE
E07000149,South Norfolk,E07000149,South Norfolk,E10000020,Norfolk,,,E12000006,East of England,E92000001,England,K04000001,England and Wales,K03000001,Great Britain,K02000001,United Kingdom,TRUE
E07000150,Corby,E07000150,Corby,E10000021,Northamptonshire,,,E12000004,East Midlands,E92000001,England,K04000001,England and Wales,K03000001,Great Britain,K02000001,United Kingdom,TRUE
E07000151,Daventry,E07000151,Daventry,E10000021,Northamptonshire,,,E12000004,East Midlands,E92000001,England,K04000001,England and Wales,K03000001,Great Britain,K02000001,United Kingdom,TRUE
E07000152,East Northamptonshire,E07000152,East Northamptonshire,E10000021,Northamptonshire,,,E12000004,East Midlands,E92000001,England,K04000001,England and Wales,K03000001,Great Britain,K02000001,United Kingdom,TRUE
E07000153,Kettering,E07000153,Kettering,E10000021,Northamptonshire,,,E12000004,East Midlands,E92000001,England,K04000001,England and Wales,K03000001,Great Britain,K02000001,United Kingdom,TRUE
E07000154,Northampton,E07000154,Northampton,E10000021,Northamptonshire,,,E12000004,East Midlands,E92000001,England,K04000001,England and Wales,K03000001,Great Britain,K02000001,United Kingdom,TRUE
E07000155,South Northamptonshire,E07000155,South Northamptonshire,E10000021,Northamptonshire,,,E12000004,East Midlands,E92000001,England,K04000001,England and Wales,K03000001,Great Britain,K02000001,United Kingdom,TRUE
E07000156,Wellingborough,E07000156,Wellingborough,E10000021,Northamptonshire,,,E12000004,East Midlands,E92000001,England,K04000001,England and Wales,K03000001,Great Britain,K02000001,United Kingdom,TRUE
E07000163,Craven,E07000163,Craven,E10000023,North Yorkshire,,,E12000003,Yorkshire and The Humber,E92000001,England,K04000001,England and Wales,K03000001,Great Britain,K02000001,United Kingdom,TRUE
E07000164,Hambleton,E07000164,Hambleton,E10000023,North Yorkshire,,,E12000003,Yorkshire and The Humber,E92000001,England,K04000001,England and Wales,K03000001,Great Britain,K02000001,United Kingdom,TRUE
E07000165,Harrogate,E07000165,Harrogate,E10000023,North Yorkshire,,,E12000003,Yorkshire and The Humber,E92000001,England,K04000001,England and Wales,K03000001,Great Britain,K02000001,United Kingdom,TRUE
E07000166,Richmondshire,E07000166,Richmondshire,E10000023,North Yorkshire,,,E12000003,Yorkshire and The Humber,E92000001,England,K04000001,England and Wales,K03000001,Great Britain,K02000001,United Kingdom,TRUE
E07000167,Ryedale,E07000167,Ryedale,E10000023,North Yorkshire,,,E12000003,Yorkshire and The Humber,E92000001,England,K04000001,England and Wales,K03000001,Great Britain,K02000001,United Kingdom,TRUE
E07000168,Scarborough,E07000168,Scarborough,E10000023,North Yorkshire,,,E12000003,Yorkshire and The Humber,E92000001,England,K04000001,England and Wales,K03000001,Great Britain,K02000001,United Kingdom,TRUE
E07000169,Selby,E07000169,Selby,E10000023,North Yorkshire,,,E12000003,Yorkshire and The Humber,E92000001,England,K04000001,England and Wales,K03000001,Great Britain,K02000001,United Kingdom,TRUE
E07000170,Ashfield,E07000170,Ashfield,E10000024,Nottinghamshire,,,E12000004,East Midlands,E92000001,England,K04000001,England and Wales,K03000001,Great Britain,K02000001,United Kingdom,TRUE
E07000171,Bassetlaw,E07000171,Bassetlaw,E10000024,Nottinghamshire,,,E12000004,East Midlands,E92000001,England,K04000001,England and Wales,K03000001,Great Britain,K02000001,United Kingdom,TRUE
E07000172,Broxtowe,E07000172,Broxtowe,E10000024,Nottinghamshire,,,E12000004,East Midlands,E92000001,England,K04000001,England and Wales,K03000001,Great Britain,K02000001,United Kingdom,TRUE
E07000173,Gedling,E07000173,Gedling,E10000024,Nottinghamshire,,,E12000004,East Midlands,E92000001,England,K04000001,England and Wales,K03000001,Great Britain,K02000001,United Kingdom,TRUE
E07000174,Mansfield,E07000174,Mansfield,E10000024,Nottinghamshire,,,E12000004,East Midlands,E92000001,England,K04000001,England and Wales,K03000001,Great Britain,K02000001,United Kingdom,TRUE
E07000175,Newark and Sherwood,E07000175,Newark and Sherwood,E10000024,Nottinghamshire,,,E12000004,East Midlands,E92000001,England,K04000001,England and Wales,K03000001,Great Britain,K02000001,United Kingdom,TRUE
E07000176,Rushcliffe,E07000176,Rushcliffe,E10000024,Nottinghamshire,,,E12000004,East Midlands,E92000001,England,K04000001,England and Wales,K03000001,Great Britain,K02000001,United Kingdom,TRUE
E07000177,Cherwell,E07000177,Cherwell,E10000025,Oxfordshire,,,E12000008,South East,E92000001,England,K04000001,England and Wales,K03000001,Great Britain,K02000001,United Kingdom,TRUE
E07000178,Oxford,E07000178,Oxford,E10000025,Oxfordshire,,,E12000008,South East,E92000001,England,K04000001,England and Wales,K03000001,Great Britain,K02000001,United Kingdom,TRUE
E07000179,South Oxfordshire,E07000179,South Oxfordshire,E10000025,Oxfordshire,,,E12000008,South East,E92000001,England,K04000001,England and Wales,K03000001,Great Britain,K02000001,United Kingdom,TRUE
E07000180,Vale of White Horse,E07000180,Vale of White Horse,E10000025,Oxfordshire,,,E12000008,South East,E92000001,England,K04000001,England and Wales,K03000001,Great Britain,K02000001,United Kingdom,TRUE
E07000181,West Oxfordshire,E07000181,West Oxfordshire,E10000025,Oxfordshire,,,E12000008,South East,E92000001,England,K04000001,England and Wales,K03000001,Great Britain,K02000001,United Kingdom,TRUE
E07000187,Mendip,E07000187,Mendip,E10000027,Somerset,,,E12000009,South West,E92000001,England,K04000001,England and Wales,K03000001,Great Britain,K02000001,United Kingdom,TRUE
E07000188,Sedgemoor,E07000188,Sedgemoor,E10000027,Somerset,,,E12000009,South West,E92000001,England,K04000001,England and Wales,K03000001,Great Britain,K02000001,United Kingdom,TRUE
E07000189,South Somerset,E07000189,South Somerset,E10000027,Somerset,,,E12000009,South West,E92000001,England,K04000001,England and Wales,K03000001,Great Britain,K02000001,United Kingdom,TRUE
E07000190,Taunton Deane,E07000246,Somerset West and Taunton,E10000027,Somerset,,,E12000009,South West,E92000001,England,K04000001,England and Wales,K03000001,Great Britain,K02000001,United Kingdom,FALSE
E07000191,West Somerset,E07000246,Somerset West and Taunton,E10000027,Somerset,,,E12000009,South West,E92000001,England,K04000001,England and Wales,K03000001,Great Britain,K02000001,United Kingdom,FALSE
E07000192,Cannock Chase,E07000192,Cannock Chase,E10000028,Staffordshire,,,E12000005,West Midlands,E92000001,England,K04000001,England and Wales,K03000001,Great Britain,K02000001,United Kingdom,TRUE
E07000193,East Staffordshire,E07000193,East Staffordshire,E10000028,Staffordshire,,,E12000005,West Midlands,E92000001,England,K04000001,England and Wales,K03000001,Great Britain,K02000001,United Kingdom,TRUE
E07000194,Lichfield,E07000194,Lichfield,E10000028,Staffordshire,,,E12000005,West Midlands,E92000001,England,K04000001,England and Wales,K03000001,Great Britain,K02000001,United Kingdom,TRUE
E07000195,Newcastle-under-Lyme,E07000195,Newcastle-under-Lyme,E10000028,Staffordshire,,,E12000005,West Midlands,E92000001,England,K04000001,England and Wales,K03000001,Great Britain,K02000001,United Kingdom,TRUE
E07000196,South Staffordshire,E07000196,South Staffordshire,E10000028,Staffordshire,,,E12000005,West Midlands,E92000001,England,K04000001,England and Wales,K03000001,Great Britain,K02000001,United Kingdom,TRUE
E07000197,Stafford,E07000197,Stafford,E10000028,Staffordshire,,,E12000005,West Midlands,E92000001,England,K04000001,England and Wales,K03000001,Great Britain,K02000001,United Kingdom,TRUE
E07000198,Staffordshire Moorlands,E07000198,Staffordshire Moorlands,E10000028,Staffordshire,,,E12000005,West Midlands,E92000001,England,K04000001,England and Wales,K03000001,Great Britain,K02000001,United Kingdom,TRUE
E07000199,Tamworth,E07000199,Tamworth,E10000028,Staffordshire,,,E12000005,West Midlands,E92000001,England,K04000001,England and Wales,K03000001,Great Britain,K02000001,United Kingdom,TRUE
E07000200,Babergh,E07000200,Babergh,E10000029,Suffolk,,,E12000006,East of England,E92000001,England,K04000001,England and Wales,K03000001,Great Britain,K02000001,United Kingdom,TRUE
E07000201,Forest Heath,E07000245,West Suffolk,E10000029,Suffolk,,,E12000006,East of England,E92000001,England,K04000001,England and Wales,K03000001,Great Britain,K02000001,United Kingdom,FALSE
E07000202,Ipswich,E07000202,Ipswich,E10000029,Suffolk,,,E12000006,East of England,E92000001,England,K04000001,England and Wales,K03000001,Great Britain,K02000001,United Kingdom,TRUE
E07000203,Mid Suffolk,E07000203,Mid Suffolk,E10000029,Suffolk,,,E12000006,East of England,E92000001,England,K04000001,England and Wales,K03000001,Great Britain,K02000001,United Kingdom,TRUE
E07000204,St Edmundsbury,E07000245,West Suffolk,E10000029,Suffolk,,,E12000006,East of England,E92000001,England,K04000001,England and Wales,K03000001,Great Britain,K02000001,United Kingdom,FALSE
E07000205,Suffolk Coastal,E07000244,East Suffolk,E10000029,Suffolk,,,E12000006,East of England,E92000001,England,K04000001,England and Wales,K03000001,Great Britain,K02000001,United Kingdom,FALSE
E07000206,Waveney,E07000244,East Suffolk,E10000029,Suffolk,,,E12000006,East of England,E92000001,England,K04000001,England and Wales,K03000001,Great Britain,K02000001,United Kingdom,FALSE
E07000207,Elmbridge,E07000207,Elmbridge,E10000030,Surrey,,,E12000008,South East,E92000001,England,K04000001,England and Wales,K03000001,Great Britain,K02000001,United Kingdom,TRUE
E07000208,Epsom and Ewell,E07000208,Epsom and Ewell,E10000030,Surrey,,,E12000008,South East,E92000001,England,K04000001,England and Wales,K03000001,Great Britain,K02000001,United Kingdom,TRUE
E07000209,Guildford,E07000209,Guildford,E10000030,Surrey,,,E12000008,South East,E92000001,England,K04000001,England and Wales,K03000001,Great Britain,K02000001,United Kingdom,TRUE
E07000210,Mole Valley,E07000210,Mole Valley,E10000030,Surrey,,,E12000008,South East,E92000001,England,K04000001,England and Wales,K03000001,Great Britain,K02000001,United Kingdom,TRUE
E07000211,Reigate and Banstead,E07000211,Reigate and Banstead,E10000030,Surrey,,,E12000008,South East,E92000001,England,K04000001,England and Wales,K03000001,Great Britain,K02000001,United Kingdom,TRUE
E07000212,Runnymede,E07000212,Runnymede,E10000030,Surrey,,,E12000008,South East,E92000001,England,K04000001,England and Wales,K03000001,Great Britain,K02000001,United Kingdom,TRUE
E07000213,Spelthorne,E07000213,Spelthorne,E10000030,Surrey,,,E12000008,South East,E92000001,England,K04000001,England and Wales,K03000001,Great Britain,K02000001,United Kingdom,TRUE
E07000214,Surrey Heath,E07000214,Surrey Heath,E10000030,Surrey,,,E12000008,South East,E92000001,England,K04000001,England and Wales,K03000001,Great Britain,K02000001,United Kingdom,TRUE
E07000215,Tandridge,E07000215,Tandridge,E10000030,Surrey,,,E12000008,South East,E92000001,England,K04000001,England and Wales,K03000001,Great Britain,K02000001,United Kingdom,TRUE
E07000216,Waverley,E07000216,Waverley,E10000030,Surrey,,,E12000008,South East,E92000001,England,K04000001,England and Wales,K03000001,Great Britain,K02000001,United Kingdom,TRUE
E07000217,Woking,E07000217,Woking,E10000030,Surrey,,,E12000008,South East,E92000001,England,K04000001,England and Wales,K03000001,Great Britain,K02000001,United Kingdom,TRUE
E07000218,North Warwickshire,E07000218,North Warwickshire,E10000031,Warwickshire,,,E12000005,West Midlands,E92000001,England,K04000001,England and Wales,K03000001,Great Britain,K02000001,United Kingdom,TRUE
E07000219,Nuneaton and Bedworth,E07000219,Nuneaton and Bedworth,E10000031,Warwickshire,,,E12000005,West Midlands,E92000001,England,K04000001,England and Wales,K03000001,Great Britain,K02000001,United Kingdom,TRUE
E07000220,Rugby,E07000220,Rugby,E10000031,Warwickshire,,,E12000005,West Midlands,E92000001,England,K04000001,England and Wales,K03000001,Great Britain,K02000001,United Kingdom,TRUE
E07000221,Stratford-on-Avon,E07000221,Stratford-on-Avon,E10000031,Warwickshire,,,E12000005,West Midlands,E92000001,England,K04000001,England and Wales,K03000001,Great Britain,K02000001,United Kingdom,TRUE
E07000222,Warwick,E07000222,Warwick,E10000031,Warwickshire,,,E12000005,West Midlands,E92000001,England,K04000001,England and Wales,K03000001,Great Britain,K02000001,United Kingdom,TRUE
E07000223,Adur,E07000223,Adur,E10000032,West Sussex,,,E12000008,South East,E92000001,England,K04000001,England and Wales,K03000001,Great Britain,K02000001,United Kingdom,TRUE
E07000224,Arun,E07000224,Arun,E10000032,West Sussex,,,E12000008,South East,E92000001,England,K04000001,England and Wales,K03000001,Great Britain,K02000001,United Kingdom,TRUE
E07000225,Chichester,E07000225,Chichester,E10000032,West Sussex,,,E12000008,South East,E92000001,England,K04000001,England and Wales,K03000001,Great Britain,K02000001,United Kingdom,TRUE
E07000226,Crawley,E07000226,Crawley,E10000032,West Sussex,,,E12000008,South East,E92000001,England,K04000001,England and Wales,K03000001,Great Britain,K02000001,United Kingdom,TRUE
E07000227,Horsham,E07000227,Horsham,E10000032,West Sussex,,,E12000008,South East,E92000001,England,K04000001,England and Wales,K03000001,Great Britain,K02000001,United Kingdom,TRUE
E07000228,Mid Sussex,E07000228,Mid Sussex,E10000032,West Sussex,,,E12000008,South East,E92000001,England,K04000001,England and Wales,K03000001,Great Britain,K02000001,United Kingdom,TRUE
E07000229,Worthing,E07000229,Worthing,E10000032,West Sussex,,,E12000008,South East,E92000001,England,K04000001,England and Wales,K03000001,Great Britain,K02000001,United Kingdom,TRUE
E07000234,Bromsgrove,E07000234,Bromsgrove,E10000034,Worcestershire,,,E12000005,West Midlands,E92000001,England,K04000001,England and Wales,K03000001,Great Britain,K02000001,United Kingdom,TRUE
E07000235,Malvern Hills,E07000235,Malvern Hills,E10000034,Worcestershire,,,E12000005,West Midlands,E92000001,England,K04000001,England and Wales,K03000001,Great Britain,K02000001,United Kingdom,TRUE
E07000236,Redditch,E07000236,Redditch,E10000034,Worcestershire,,,E12000005,West Midlands,E92000001,England,K04000001,England and Wales,K03000001,Great Britain,K02000001,United Kingdom,TRUE
E07000237,Worcester,E07000237,Worcester,E10000034,Worcestershire,,,E12000005,West Midlands,E92000001,England,K04000001,England and Wales,K03000001,Great Britain,K02000001,United Kingdom,TRUE
E07000238,Wychavon,E07000238,Wychavon,E10000034,Worcestershire,,,E12000005,West Midlands,E92000001,England,K04000001,England and Wales,K03000001,Great Britain,K02000001,United Kingdom,TRUE
E07000239,Wyre Forest,E07000239,Wyre Forest,E10000034,Worcestershire,,,E12000005,West Midlands,E92000001,England,K04000001,England and Wales,K03000001,Great Britain,K02000001,United Kingdom,TRUE
E07000240,St Albans,E07000240,St Albans,E10000015,Hertfordshire,,,E12000006,East of England,E92000001,England,K04000001,England and Wales,K03000001,Great Britain,K02000001,United Kingdom,TRUE
E07000241,Welwyn Hatfield,E07000241,Welwyn Hatfield,E10000015,Hertfordshire,,,E12000006,East of England,E92000001,England,K04000001,England and Wales,K03000001,Great Britain,K02000001,United Kingdom,TRUE
E07000242,East Hertfordshire,E07000242,East Hertfordshire,E10000015,Hertfordshire,,,E12000006,East of England,E92000001,England,K04000001,England and Wales,K03000001,Great Britain,K02000001,United Kingdom,TRUE
E07000243,Stevenage,E07000243,Stevenage,E10000015,Hertfordshire,,,E12000006,East of England,E92000001,England,K04000001,England and Wales,K03000001,Great Britain,K02000001,United Kingdom,TRUE
E07000244,East Suffolk,E07000244,East Suffolk,E10000029,Suffolk,,,E12000006,East of England,E92000001,England,K04000001,England and Wales,K03000001,Great Britain,K02000001,United Kingdom,TRUE
E07000245,West Suffolk,E07000245,West Suffolk,E10000029,Suffolk,,,E12000006,East of England,E92000001,England,K04000001,England and Wales,K03000001,Great Britain,K02000001,United Kingdom,TRUE
E07000246,Somerset West and Taunton,E07000246,Somerset West and Taunton,E10000027,Somerset,,,E12000009,South West,E92000001,England,K04000001,England and Wales,K03000001,Great Britain,K02000001,United Kingdom,TRUE
E08000001,Bolton,E08000001,Bolton,E08000001,Bolton,E47000001,Greater Manchester,E12000002,North West,E92000001,England,K04000001,England and Wales,K03000001,Great Britain,K02000001,United Kingdom,TRUE
E08000002,Bury,E08000002,Bury,E08000002,Bury,E47000001,Greater Manchester,E12000002,North West,E92000001,England,K04000001,England and Wales,K03000001,Great Britain,K02000001,United Kingdom,TRUE
E08000003,Manchester,E08000003,Manchester,E08000003,Manchester,E47000001,Greater Manchester,E12000002,North West,E92000001,England,K04000001,England and Wales,K03000001,Great Britain,K02000001,United Kingdom,TRUE
E08000004,Oldham,E08000004,Oldham,E08000004,Oldham,E47000001,Greater Manchester,E12000002,North West,E92000001,England,K04000001,England and Wales,K03000001,Great Britain,K02000001,United Kingdom,TRUE
E08000005,Rochdale,E08000005,Rochdale,E08000005,Rochdale,E47000001,Greater Manchester,E12000002,North West,E92000001,England,K04000001,England and Wales,K03000001,Great Britain,K02000001,United Kingdom,TRUE
E08000006,Salford,E08000006,Salford,E08000006,Salford,E47000001,Greater Manchester,E12000002,North West,E92000001,England,K04000001,England and Wales,K03000001,Great Britain,K02000001,United Kingdom,TRUE
E08000007,Stockport,E08000007,Stockport,E08000007,Stockport,E47000001,Greater Manchester,E12000002,North West,E92000001,England,K04000001,England and Wales,K03000001,Great Britain,K02000001,United Kingdom,TRUE
E08000008,Tameside,E08000008,Tameside,E08000008,Tameside,E47000001,Greater Manchester,E12000002,North West,E92000001,England,K04000001,England and Wales,K03000001,Great Britain,K02000001,United Kingdom,TRUE
E08000009,Trafford,E08000009,Trafford,E08000009,Trafford,E47000001,Greater Manchester,E12000002,North West,E92000001,England,K04000001,England and Wales,K03000001,Great Britain,K02000001,United Kingdom,TRUE
E08000010,Wigan,E08000010,Wigan,E08000010,Wigan,E47000001,Greater Manchester,E12000002,North West,E92000001,England,K04000001,England and Wales,K03000001,Great Britain,K02000001,United Kingdom,TRUE
E08000011,Knowsley,E08000011,Knowsley,E08000011,Knowsley,E47000004,Liverpool City Region,E12000002,North West,E92000001,England,K04000001,England and Wales,K03000001,Great Britain,K02000001,United Kingdom,TRUE
E08000012,Liverpool,E08000012,Liverpool,E08000012,Liverpool,E47000004,Liverpool City Region,E12000002,North West,E92000001,England,K04000001,England and Wales,K03000001,Great Britain,K02000001,United Kingdom,TRUE
E08000013,St. Helens,E08000013,St. Helens,E08000013,St. Helens,E47000004,Liverpool City Region,E12000002,North West,E92000001,England,K04000001,England and Wales,K03000001,Great Britain,K02000001,United Kingdom,TRUE
E08000014,Sefton,E08000014,Sefton,E08000014,Sefton,E47000004,Liverpool City Region,E12000002,North West,E92000001,England,K04000001,England and Wales,K03000001,Great Britain,K02000001,United Kingdom,TRUE
E08000015,Wirral,E08000015,Wirral,E08000015,Wirral,E47000004,Liverpool City Region,E12000002,North West,E92000001,England,K04000001,England and Wales,K03000001,Great Britain,K02000001,United Kingdom,TRUE
E08000016,Barnsley,E08000016,Barnsley,E08000016,Barnsley,E47000002,Sheffield City Region,E12000003,Yorkshire and The Humber,E92000001,England,K04000001,England and Wales,K03000001,Great Britain,K02000001,United Kingdom,TRUE
E08000017,Doncaster,E08000017,Doncaster,E08000017,Doncaster,E47000002,Sheffield City Region,E12000003,Yorkshire and The Humber,E92000001,England,K04000001,England and Wales,K03000001,Great Britain,K02000001,United Kingdom,TRUE
E08000018,Rotherham,E08000018,Rotherham,E08000018,Rotherham,E47000002,Sheffield City Region,E12000003,Yorkshire and The Humber,E92000001,England,K04000001,England and Wales,K03000001,Great Britain,K02000001,United Kingdom,TRUE
E08000019,Sheffield,E08000019,Sheffield,E08000019,Sheffield,E47000002,Sheffield City Region,E12000003,Yorkshire and The Humber,E92000001,England,K04000001,England and Wales,K03000001,Great Britain,K02000001,United Kingdom,TRUE
E08000020,Gateshead,E08000037,Gateshead,E08000037,Gateshead,E47000010,North East,E12000001,North East,E92000001,England,K04000001,England and Wales,K03000001,Great Britain,K02000001,United Kingdom,FALSE
E08000021,Newcastle upon Tyne,E08000021,Newcastle upon Tyne,E08000021,Newcastle upon Tyne,E47000011,North of Tyne,E12000001,North East,E92000001,England,K04000001,England and Wales,K03000001,Great Britain,K02000001,United Kingdom,TRUE
E08000022,North Tyneside,E08000022,North Tyneside,E08000022,North Tyneside,E47000011,North of Tyne,E12000001,North East,E92000001,England,K04000001,England and Wales,K03000001,Great Britain,K02000001,United Kingdom,TRUE
E08000023,South Tyneside,E08000023,South Tyneside,E08000023,South Tyneside,E47000010,North East,E12000001,North East,E92000001,England,K04000001,England and Wales,K03000001,Great Britain,K02000001,United Kingdom,TRUE
E08000024,Sunderland,E08000024,Sunderland,E08000024,Sunderland,E47000010,North East,E12000001,North East,E92000001,England,K04000001,England and Wales,K03000001,Great Britain,K02000001,United Kingdom,TRUE
E08000025,Birmingham,E08000025,Birmingham,E08000025,Birmingham,E47000007,West Midlands,E12000005,West Midlands,E92000001,England,K04000001,England and Wales,K03000001,Great Britain,K02000001,United Kingdom,TRUE
E08000026,Coventry,E08000026,Coventry,E08000026,Coventry,E47000007,West Midlands,E12000005,West Midlands,E92000001,England,K04000001,England and Wales,K03000001,Great Britain,K02000001,United Kingdom,TRUE
E08000027,Dudley,E08000027,Dudley,E08000027,Dudley,E47000007,West Midlands,E12000005,West Midlands,E92000001,England,K04000001,England and Wales,K03000001,Great Britain,K02000001,United Kingdom,TRUE
E08000028,Sandwell,E08000028,Sandwell,E08000028,Sandwell,E47000007,West Midlands,E12000005,West Midlands,E92000001,England,K04000001,England and Wales,K03000001,Great Britain,K02000001,United Kingdom,TRUE
E08000029,Solihull,E08000029,Solihull,E08000029,Solihull,E47000007,West Midlands,E12000005,West Midlands,E92000001,England,K04000001,England and Wales,K03000001,Great Britain,K02000001,United Kingdom,TRUE
E08000030,Walsall,E08000030,Walsall,E08000030,Walsall,E47000007,West Midlands,E12000005,West Midlands,E92000001,England,K04000001,England and Wales,K03000001,Great Britain,K02000001,United Kingdom,TRUE
E08000031,Wolverhampton,E08000031,Wolverhampton,E08000031,Wolverhampton,E47000007,West Midlands,E12000005,West Midlands,E92000001,England,K04000001,England and Wales,K03000001,Great Britain,K02000001,United Kingdom,TRUE
E08000032,Bradford,E08000032,Bradford,E08000032,Bradford,E47000003,West Yorkshire,E12000003,Yorkshire and The Humber,E92000001,England,K04000001,England and Wales,K03000001,Great Britain,K02000001,United Kingdom,TRUE
E08000033,Calderdale,E08000033,Calderdale,E08000033,Calderdale,E47000003,West Yorkshire,E12000003,Yorkshire and The Humber,E92000001,England,K04000001,England and Wales,K03000001,Great Britain,K02000001,United Kingdom,TRUE
E08000034,Kirklees,E08000034,Kirklees,E08000034,Kirklees,E47000003,West Yorkshire,E12000003,Yorkshire and The Humber,E92000001,England,K04000001,England and Wales,K03000001,Great Britain,K02000001,United Kingdom,TRUE
E08000035,Leeds,E08000035,Leeds,E08000035,Leeds,E47000003,West Yorkshire,E12000003,Yorkshire and The Humber,E92000001,England,K04000001,England and Wales,K03000001,Great Britain,K02000001,United Kingdom,TRUE
E08000036,Wakefield,E08000036,Wakefield,E08000036,Wakefield,E47000003,West Yorkshire,E12000003,Yorkshire and The Humber,E92000001,England,K04000001,England and Wales,K03000001,Great Britain,K02000001,United Kingdom,TRUE
E08000037,Gateshead,E08000037,Gateshead,E08000037,Gateshead,E47000010,North East,E12000001,North East,E92000001,England,K04000001,England and Wales,K03000001,Great Britain,K02000001,United Kingdom,TRUE
E09000001,City of London,E09000001,City of London,E09000001,City of London,,,E12000007,London,E92000001,England,K04000001,England and Wales,K03000001,Great Britain,K02000001,United Kingdom,TRUE
E09000002,Barking and Dagenham,E09000002,Barking and Dagenham,E09000002,Barking and Dagenham,,,E12000007,London,E92000001,England,K04000001,England and Wales,K03000001,Great Britain,K02000001,United Kingdom,TRUE
E09000003,Barnet,E09000003,Barnet,E09000003,Barnet,,,E12000007,London,E92000001,England,K04000001,England and Wales,K03000001,Great Britain,K02000001,United Kingdom,TRUE
E09000004,Bexley,E09000004,Bexley,E09000004,Bexley,,,E12000007,London,E92000001,England,K04000001,England and Wales,K03000001,Great Britain,K02000001,United Kingdom,TRUE
E09000005,Brent,E09000005,Brent,E09000005,Brent,,,E12000007,London,E92000001,England,K04000001,England and Wales,K03000001,Great Britain,K02000001,United Kingdom,TRUE
E09000006,Bromley,E09000006,Bromley,E09000006,Bromley,,,E12000007,London,E92000001,England,K04000001,England and Wales,K03000001,Great Britain,K02000001,United Kingdom,TRUE
E09000007,Camden,E09000007,Camden,E09000007,Camden,,,E12000007,London,E92000001,England,K04000001,England and Wales,K03000001,Great Britain,K02000001,United Kingdom,TRUE
E09000008,Croydon,E09000008,Croydon,E09000008,Croydon,,,E12000007,London,E92000001,England,K04000001,England and Wales,K03000001,Great Britain,K02000001,United Kingdom,TRUE
E09000009,Ealing,E09000009,Ealing,E09000009,Ealing,,,E12000007,London,E92000001,England,K04000001,England and Wales,K03000001,Great Britain,K02000001,United Kingdom,TRUE
E09000010,Enfield,E09000010,Enfield,E09000010,Enfield,,,E12000007,London,E92000001,England,K04000001,England and Wales,K03000001,Great Britain,K02000001,United Kingdom,TRUE
E09000011,Greenwich,E09000011,Greenwich,E09000011,Greenwich,,,E12000007,London,E92000001,England,K04000001,England and Wales,K03000001,Great Britain,K02000001,United Kingdom,TRUE
E09000012,Hackney,E09000012,Hackney,E09000012,Hackney,,,E12000007,London,E92000001,England,K04000001,England and Wales,K03000001,Great Britain,K02000001,United Kingdom,TRUE
E09000013,Hammersmith and Fulham,E09000013,Hammersmith and Fulham,E09000013,Hammersmith and Fulham,,,E12000007,London,E92000001,England,K04000001,England and Wales,K03000001,Great Britain,K02000001,United Kingdom,TRUE
E09000014,Haringey,E09000014,Haringey,E09000014,Haringey,,,E12000007,London,E92000001,England,K04000001,England and Wales,K03000001,Great Britain,K02000001,United Kingdom,TRUE
E09000015,Harrow,E09000015,Harrow,E09000015,Harrow,,,E12000007,London,E92000001,England,K04000001,England and Wales,K03000001,Great Britain,K02000001,United Kingdom,TRUE
E09000016,Havering,E09000016,Havering,E09000016,Havering,,,E12000007,London,E92000001,England,K04000001,England and Wales,K03000001,Great Britain,K02000001,United Kingdom,TRUE
E09000017,Hillingdon,E09000017,Hillingdon,E09000017,Hillingdon,,,E12000007,London,E92000001,England,K04000001,England and Wales,K03000001,Great Britain,K02000001,United Kingdom,TRUE
E09000018,Hounslow,E09000018,Hounslow,E09000018,Hounslow,,,E12000007,London,E92000001,England,K04000001,England and Wales,K03000001,Great Britain,K02000001,United Kingdom,TRUE
E09000019,Islington,E09000019,Islington,E09000019,Islington,,,E12000007,London,E92000001,England,K04000001,England and Wales,K03000001,Great Britain,K02000001,United Kingdom,TRUE
E09000020,Kensington and Chelsea,E09000020,Kensington and Chelsea,E09000020,Kensington and Chelsea,,,E12000007,London,E92000001,England,K04000001,England and Wales,K03000001,Great Britain,K02000001,United Kingdom,TRUE
E09000021,Kingston upon Thames,E09000021,Kingston upon Thames,E09000021,Kingston upon Thames,,,E12000007,London,E92000001,England,K04000001,England and Wales,K03000001,Great Britain,K02000001,United Kingdom,TRUE
E09000022,Lambeth,E09000022,Lambeth,E09000022,Lambeth,,,E12000007,London,E92000001,England,K04000001,England and Wales,K03000001,Great Britain,K02000001,United Kingdom,TRUE
E09000023,Lewisham,E09000023,Lewisham,E09000023,Lewisham,,,E12000007,London,E92000001,England,K04000001,England and Wales,K03000001,Great Britain,K02000001,United Kingdom,TRUE
E09000024,Merton,E09000024,Merton,E09000024,Merton,,,E12000007,London,E92000001,England,K04000001,England and Wales,K03000001,Great Britain,K02000001,United Kingdom,TRUE
E09000025,Newham,E09000025,Newham,E09000025,Newham,,,E12000007,London,E92000001,England,K04000001,England and Wales,K03000001,Great Britain,K02000001,United Kingdom,TRUE
E09000026,Redbridge,E09000026,Redbridge,E09000026,Redbridge,,,E12000007,London,E92000001,England,K04000001,England and Wales,K03000001,Great Britain,K02000001,United Kingdom,TRUE
E09000027,Richmond upon Thames,E09000027,Richmond upon Thames,E09000027,Richmond upon Thames,,,E12000007,London,E92000001,England,K04000001,England and Wales,K03000001,Great Britain,K02000001,United Kingdom,TRUE
E09000028,Southwark,E09000028,Southwark,E09000028,Southwark,,,E12000007,London,E92000001,England,K04000001,England and Wales,K03000001,Great Britain,K02000001,United Kingdom,TRUE
E09000029,Sutton,E09000029,Sutton,E09000029,Sutton,,,E12000007,London,E92000001,England,K04000001,England and Wales,K03000001,Great Britain,K02000001,United Kingdom,TRUE
E09000030,Tower Hamlets,E09000030,Tower Hamlets,E09000030,Tower Hamlets,,,E12000007,London,E92000001,England,K04000001,England and Wales,K03000001,Great Britain,K02000001,United Kingdom,TRUE
E09000031,Waltham Forest,E09000031,Waltham Forest,E09000031,Waltham Forest,,,E12000007,London,E92000001,England,K04000001,England and Wales,K03000001,Great Britain,K02000001,United Kingdom,TRUE
E09000032,Wandsworth,E09000032,Wandsworth,E09000032,Wandsworth,,,E12000007,London,E92000001,England,K04000001,England and Wales,K03000001,Great Britain,K02000001,United Kingdom,TRUE
E09000033,Westminster,E09000033,Westminster,E09000033,Westminster,,,E12000007,London,E92000001,England,K04000001,England and Wales,K03000001,Great Britain,K02000001,United Kingdom,TRUE
N09000001,Antrim and Newtownabbey,N09000001,Antrim and Newtownabbey,N09000001,Antrim and Newtownabbey,,,,,N92000002,Northern Ireland,,,,,K02000001,United Kingdom,TRUE
N09000002,"Armagh City, Banbridge and Craigavon",N09000002,"Armagh City, Banbridge and Craigavon",N09000002,"Armagh City, Banbridge and Craigavon",,,,,N92000002,Northern Ireland,,,,,K02000001,United Kingdom,TRUE
N09000003,Belfast,N09000003,Belfast,N09000003,Belfast,,,,,N92000002,Northern Ireland,,,,,K02000001,United Kingdom,TRUE
N09000004,Causeway Coast and Glens,N09000004,Causeway Coast and Glens,N09000004,Causeway Coast and Glens,,,,,N92000002,Northern Ireland,,,,,K02000001,United Kingdom,TRUE
N09000005,Derry City and Strabane,N09000005,Derry City and Strabane,N09000005,Derry City and Strabane,,,,,N92000002,Northern Ireland,,,,,K02000001,United Kingdom,TRUE
N09000006,Fermanagh and Omagh,N09000006,Fermanagh and Omagh,N09000006,Fermanagh and Omagh,,,,,N92000002,Northern Ireland,,,,,K02000001,United Kingdom,TRUE
N09000007,Lisburn and Castlereagh,N09000007,Lisburn and Castlereagh,N09000007,Lisburn and Castlereagh,,,,,N92000002,Northern Ireland,,,,,K02000001,United Kingdom,TRUE
N09000008,Mid and East Antrim,N09000008,Mid and East Antrim,N09000008,Mid and East Antrim,,,,,N92000002,Northern Ireland,,,,,K02000001,United Kingdom,TRUE
N09000009,Mid Ulster,N09000009,Mid Ulster,N09000009,Mid Ulster,,,,,N92000002,Northern Ireland,,,,,K02000001,United Kingdom,TRUE
N09000010,"Newry, Mourne and Down",N09000010,"Newry, Mourne and Down",N09000010,"Newry, Mourne and Down",,,,,N92000002,Northern Ireland,,,,,K02000001,United Kingdom,TRUE
N09000011,Ards and North Down,N09000011,Ards and North Down,N09000011,Ards and North Down,,,,,N92000002,Northern Ireland,,,,,K02000001,United Kingdom,TRUE
S12000005,Clackmannanshire,S12000005,Clackmannanshire,S12000005,Clackmannanshire,,,,,S92000003,Scotland,,,K03000001,Great Britain,K02000001,United Kingdom,TRUE
S12000006,Dumfries and Galloway,S12000006,Dumfries and Galloway,S12000006,Dumfries and Galloway,,,,,S92000003,Scotland,,,K03000001,Great Britain,K02000001,United Kingdom,TRUE
S12000008,East Ayrshire,S12000008,East Ayrshire,S12000008,East Ayrshire,,,,,S92000003,Scotland,,,K03000001,Great Britain,K02000001,United Kingdom,TRUE
S12000010,East Lothian,S12000010,East Lothian,S12000010,East Lothian,,,,,S92000003,Scotland,,,K03000001,Great Britain,K02000001,United Kingdom,TRUE
S12000011,East Renfrewshire,S12000011,East Renfrewshire,S12000011,East Renfrewshire,,,,,S92000003,Scotland,,,K03000001,Great Britain,K02000001,United Kingdom,TRUE
S12000013,Na h-Eileanan Siar,S12000013,Na h-Eileanan Siar,S12000013,Na h-Eileanan Siar,,,,,S92000003,Scotland,,,K03000001,Great Britain,K02000001,United Kingdom,TRUE
S12000014,Falkirk,S12000014,Falkirk,S12000014,Falkirk,,,,,S92000003,Scotland,,,K03000001,Great Britain,K02000001,United Kingdom,TRUE
S12000015,Fife,S12000047,Fife,S12000047,Fife,,,,,S92000003,Scotland,,,K03000001,Great Britain,K02000001,United Kingdom,FALSE
S12000017,Highland,S12000017,Highland,S12000017,Highland,,,,,S92000003,Scotland,,,K03000001,Great Britain,K02000001,United Kingdom,TRUE
S12000018,Inverclyde,S12000018,Inverclyde,S12000018,Inverclyde,,,,,S92000003,Scotland,,,K03000001,Great Britain,K02000001,United Kingdom,TRUE
S12000019,Midlothian,S12000019,Midlothian,S12000019,Midlothian,,,,,S92000003,Scotland,,,K03000001,Great Britain,K02000001,United Kingdom,TRUE
S12000020,Moray,S12000020,Moray,S12000020,Moray,,,,,S92000003,Scotland,,,K03000001,Great Britain,K02000001,United Kingdom,TRUE
S12000021,North Ayrshire,S12000021,North Ayrshire,S12000021,North Ayrshire,,,,,S92000003,Scotland,,,K03000001,Great Britain,K02000001,United Kingdom,TRUE
S12000023,Orkney Islands,S12000023,Orkney Islands,S12000023,Orkney Islands,,,,,S92000003,Scotland,,,K03000001,Great Britain,K02000001,United Kingdom,TRUE
S12000024,Perth and Kinross,S12000048,Perth and Kinross,S12000048,Perth and Kinross,,,,,S92000003,Scotland,,,K03000001,Great Britain,K02000001,United Kingdom,FALSE
S12000026,Scottish Borders,S12000026,Scottish Borders,S12000026,Scottish Borders,,,,,S92000003,Scotland,,,K03000001,Great Britain,K02000001,United Kingdom,TRUE
S12000027,Shetland Islands,S12000027,Shetland Islands,S12000027,Shetland Islands,,,,,S92000003,Scotland,,,K03000001,Great Britain,K02000001,United Kingdom,TRUE
S12000028,South Ayrshire,S12000028,South Ayrshire,S12000028,South Ayrshire,,,,,S92000003,Scotland,,,K03000001,Great Britain,K02000001,United Kingdom,TRUE
S12000029,South Lanarkshire,S12000029,South Lanarkshire,S12000029,South Lanarkshire,,,,,S92000003,Scotland,,,K03000001,Great Britain,K02000001,United Kingdom,TRUE
S12000030,Stirling,S12000030,Stirling,S12000030,Stirling,,,,,S92000003,Scotland,,,K03000001,Great Britain,K02000001,United Kingdom,TRUE
S12000033,Aberdeen City,S12000033,Aberdeen City,S12000033,Aberdeen City,,,,,S92000003,Scotland,,,K03000001,Great Britain,K02000001,United Kingdom,TRUE
S12000034,Aberdeenshire,S12000034,Aberdeenshire,S12000034,Aberdeenshire,,,,,S92000003,Scotland,,,K03000001,Great Britain,K02000001,United Kingdom,TRUE
S12000035,Argyll and Bute,S12000035,Argyll and Bute,S12000035,Argyll and Bute,,,,,S92000003,Scotland,,,K03000001,Great Britain,K02000001,United Kingdom,TRUE
S12000036,City of Edinburgh,S12000036,City of Edinburgh,S12000036,City of Edinburgh,,,,,S92000003,Scotland,,,K03000001,Great Britain,K02000001,United Kingdom,TRUE
S12000038,Renfrewshire,S12000038,Renfrewshire,S12000038,Renfrewshire,,,,,S92000003,Scotland,,,K03000001,Great Britain,K02000001,United Kingdom,TRUE
S12000039,West Dunbartonshire,S12000039,West Dunbartonshire,S12000039,West Dunbartonshire,,,,,S92000003,Scotland,,,K03000001,Great Britain,K02000001,United Kingdom,TRUE
S12000040,West Lothian,S12000040,West Lothian,S12000040,West Lothian,,,,,S92000003,Scotland,,,K03000001,Great Britain,K02000001,United Kingdom,TRUE
S12000041,Angus,S12000041,Angus,S12000041,Angus,,,,,S92000003,Scotland,,,K03000001,Great Britain,K02000001,United Kingdom,TRUE
S12000042,Dundee City,S12000042,Dundee City,S12000042,Dundee City,,,,,S92000003,Scotland,,,K03000001,Great Britain,K02000001,United Kingdom,TRUE
S12000044,North Lanarkshire,S12000050,North Lanarkshire,S12000050,North Lanarkshire,,,,,S92000003,Scotland,,,K03000001,Great Britain,K02000001,United Kingdom,FALSE
S12000045,East Dunbartonshire,S12000045,East Dunbartonshire,S12000045,East Dunbartonshire,,,,,S92000003,Scotland,,,K03000001,Great Britain,K02000001,United Kingdom,TRUE
S12000046,Glasgow City,S12000049,Glasgow City,S12000049,Glasgow City,,,,,S92000003,Scotland,,,K03000001,Great Britain,K02000001,United Kingdom,FALSE
S12000047,Fife,S12000047,Fife,S12000047,Fife,,,,,S92000003,Scotland,,,K03000001,Great Britain,K02000001,United Kingdom,TRUE
S12000048,Perth and Kinross,S12000048,Perth and Kinross,S12000048,Perth and Kinross,,,,,S92000003,Scotland,,,K03000001,Great Britain,K02000001,United Kingdom,TRUE
S12000049,Glasgow City,S12000049,Glasgow City,S12000049,Glasgow City,,,,,S92000003,Scotland,,,K03000001,Great Britain,K02000001,United Kingdom,TRUE
S12000050,North Lanarkshire,S12000050,North Lanarkshire,S12000050,North Lanarkshire,,,,,S92000003,Scotland,,,K03000001,Great Britain,K02000001,United Kingdom,TRUE
W06000001,Isle of Anglesey,W06000001,Isle of Anglesey,W06000001,Isle of Anglesey,,,,,W92000004,Wales,K04000001,England and Wales,K03000001,Great Britain,K02000001,United Kingdom,TRUE
W06000002,Gwynedd,W06000002,Gwynedd,W06000002,Gwynedd,,,,,W92000004,Wales,K04000001,England and Wales,K03000001,Great Britain,K02000001,United Kingdom,TRUE
W06000003,Conwy,W06000003,Conwy,W06000003,Conwy,,,,,W92000004,Wales,K04000001,England and Wales,K03000001,Great Britain,K02000001,United Kingdom,TRUE
W06000004,Denbighshire,W06000004,Denbighshire,W06000004,Denbighshire,,,,,W92000004,Wales,K04000001,England and Wales,K03000001,Great Britain,K02000001,United Kingdom,TRUE
W06000005,Flintshire,W06000005,Flintshire,W06000005,Flintshire,,,,,W92000004,Wales,K04000001,England and Wales,K03000001,Great Britain,K02000001,United Kingdom,TRUE
W06000006,Wrexham,W06000006,Wrexham,W06000006,Wrexham,,,,,W92000004,Wales,K04000001,England and Wales,K03000001,Great Britain,K02000001,United Kingdom,TRUE
W06000008,Ceredigion,W06000008,Ceredigion,W06000008,Ceredigion,,,,,W92000004,Wales,K04000001,England and Wales,K03000001,Great Britain,K02000001,United Kingdom,TRUE
W06000009,Pembrokeshire,W06000009,Pembrokeshire,W06000009,Pembrokeshire,,,,,W92000004,Wales,K04000001,England and Wales,K03000001,Great Britain,K02000001,United Kingdom,TRUE
W06000010,Carmarthenshire,W06000010,Carmarthenshire,W06000010,Carmarthenshire,,,,,W92000004,Wales,K04000001,England and Wales,K03000001,Great Britain,K02000001,United Kingdom,TRUE
W06000011,Swansea,W06000011,Swansea,W06000011,Swansea,,,,,W92000004,Wales,K04000001,England and Wales,K03000001,Great Britain,K02000001,United Kingdom,TRUE
W06000012,Neath Port Talbot,W06000012,Neath Port Talbot,W06000012,Neath Port Talbot,,,,,W92000004,Wales,K04000001,England and Wales,K03000001,Great Britain,K02000001,United Kingdom,TRUE
W06000013,Bridgend,W06000013,Bridgend,W06000013,Bridgend,,,,,W92000004,Wales,K04000001,England and Wales,K03000001,Great Britain,K02000001,United Kingdom,TRUE
W06000014,Vale of Glamorgan,W06000014,Vale of Glamorgan,W06000014,Vale of Glamorgan,,,,,W92000004,Wales,K04000001,England and Wales,K03000001,Great Britain,K02000001,United Kingdom,TRUE
W06000015,Cardiff,W06000015,Cardiff,W06000015,Cardiff,,,,,W92000004,Wales,K04000001,England and Wales,K03000001,Great Britain,K02000001,United Kingdom,TRUE
W06000016,Rhondda Cynon Taf,W06000016,Rhondda Cynon Taf,W06000016,Rhondda Cynon Taf,,,,,W92000004,Wales,K04000001,England and Wales,K03000001,Great Britain,K02000001,United Kingdom,TRUE
W06000018,Caerphilly,W06000018,Caerphilly,W06000018,Caerphilly,,,,,W92000004,Wales,K04000001,England and Wales,K03000001,Great Britain,K02000001,United Kingdom,TRUE
W06000019,Blaenau Gwent,W06000019,Blaenau Gwent,W06000019,Blaenau Gwent,,,,,W92000004,Wales,K04000001,England and Wales,K03000001,Great Britain,K02000001,United Kingdom,TRUE
W06000020,Torfaen,W06000020,Torfaen,W06000020,Torfaen,,,,,W92000004,Wales,K04000001,England and Wales,K03000001,Great Britain,K02000001,United Kingdom,TRUE
W06000021,Monmouthshire,W06000021,Monmouthshire,W06000021,Monmouthshire,,,,,W92000004,Wales,K04000001,England and Wales,K03000001,Great Britain,K02000001,United Kingdom,TRUE
W06000022,Newport,W06000022,Newport,W06000022,Newport,,,,,W92000004,Wales,K04000001,England and Wales,K03000001,Great Britain,K02000001,United Kingdom,TRUE
W06000023,Powys,W06000023,Powys,W06000023,Powys,,,,,W92000004,Wales,K04000001,England and Wales,K03000001,Great Britain,K02000001,United Kingdom,TRUE
W06000024,Merthyr Tydfil,W06000024,Merthyr Tydfil,W06000024,Merthyr Tydfil,,,,,W92000004,Wales,K04000001,England and Wales,K03000001,Great Britain,K02000001,United Kingdom,TRUE
